meeting_id,duration_min,num_attendees,avg_hourly_rate,num_external,agenda_length_words,meeting_day,is_recurring,start_hour,prior_meetings_today,meeting_type,cost_inr,productive
1,117,16,585,0,251,6,1,12,0,decision,18252.0,0
2,107,9,448,3,454,4,0,12,2,1:1,7190.4,1
3,29,6,1407,4,403,4,1,8,2,1:1,4080.3,1
4,121,16,705,0,579,5,1,9,1,1:1,22748.0,0
5,86,5,1277,0,213,2,0,12,0,training,9151.83,0
6,35,13,755,0,553,2,0,10,3,decision,5725.42,0
7,117,14,1099,0,537,3,0,9,3,status,30002.7,0
8,136,3,1484,2,204,1,1,11,4,status,10091.2,0
9,89,5,1312,2,311,1,1,11,2,training,9730.67,1
10,102,5,1083,2,354,2,0,11,2,status,9205.5,1
11,131,12,759,4,135,1,0,11,0,1:1,19885.8,0
12,114,6,1037,4,68,6,0,10,5,decision,11821.8,0
13,118,12,808,4,101,2,1,19,3,status,19068.8,0
14,166,11,780,1,352,4,1,14,4,status,23738.0,0
15,145,9,413,4,576,3,0,16,0,planning,8982.75,0
16,164,7,1048,2,354,0,1,19,2,planning,20051.73,0
17,67,7,660,2,551,3,0,12,3,planning,5159.0,1
18,16,9,640,1,240,2,1,11,4,decision,1536.0,1
19,102,16,1069,1,342,6,1,18,1,1:1,29076.8,0
20,172,15,1060,4,22,2,1,9,3,1:1,45580.0,0
21,52,12,1268,3,225,3,1,9,4,1:1,13187.2,0
22,144,13,748,1,59,6,0,12,0,decision,23337.6,0
23,35,14,1134,0,78,6,1,14,1,decision,9261.0,0
24,175,9,610,2,593,6,1,17,4,planning,16012.5,0
25,72,19,561,0,526,5,0,17,4,status,12790.8,0
26,36,2,705,2,591,2,1,16,2,training,846.0,1
27,103,16,442,2,141,1,0,14,5,training,12140.27,0
28,63,9,641,1,498,1,0,12,3,status,6057.45,1
29,73,12,1424,1,115,2,1,17,2,planning,20790.4,0
30,29,13,543,0,433,2,1,17,1,status,3411.85,0
31,65,13,789,2,254,5,0,17,5,status,11111.75,0
32,122,5,311,0,81,1,0,13,4,training,3161.83,0
33,69,17,860,3,275,2,0,18,2,planning,16813.0,0
34,78,5,341,0,580,2,1,19,5,decision,2216.5,1
35,145,6,977,4,367,5,0,10,3,training,14166.5,0
36,65,6,893,0,143,5,0,12,1,decision,5804.5,1
37,149,9,1481,4,501,3,0,15,0,planning,33100.35,0
38,35,11,433,4,336,5,1,8,2,status,2778.42,0
39,87,18,1390,4,523,0,0,19,1,1:1,36279.0,0
40,32,10,1330,3,67,1,1,8,0,1:1,7093.33,0
41,146,15,1247,0,428,3,1,14,2,planning,45515.5,0
42,103,9,372,0,155,0,0,12,1,1:1,5747.4,0
43,74,10,698,3,220,2,1,12,1,decision,8608.67,0
44,28,12,877,2,269,2,0,8,5,1:1,4911.2,0
45,23,2,1158,1,333,3,1,16,2,planning,887.8,1
46,104,15,429,0,387,5,1,8,1,planning,11154.0,0
47,67,6,1230,1,448,6,0,12,4,decision,8241.0,1
48,144,15,565,3,499,6,0,17,2,1:1,20340.0,0
49,98,5,1092,2,333,2,0,16,1,1:1,8918.0,0
50,106,2,552,2,519,6,1,11,5,status,1950.4,1
51,125,9,1121,2,374,4,1,15,0,training,21018.75,0
52,22,16,463,3,504,3,0,13,0,planning,2716.27,1
53,49,16,394,4,230,0,0,18,4,status,5148.27,0
54,95,10,1132,4,63,3,1,10,2,planning,17923.33,0
55,178,10,1433,1,560,1,1,11,5,status,42512.33,0
56,64,11,635,4,590,5,1,9,1,training,7450.67,1
57,118,10,1121,4,111,5,0,8,1,status,22046.33,0
58,146,4,537,2,284,3,1,15,0,planning,5226.8,0
59,16,12,680,2,239,2,0,8,5,1:1,2176.0,0
60,148,7,1198,1,461,2,1,18,4,planning,20685.47,0
61,68,3,782,0,420,4,1,8,0,decision,2658.8,1
62,120,8,1201,1,419,4,0,11,0,decision,19216.0,0
63,18,19,1348,1,595,5,0,17,4,decision,7683.6,1
64,68,3,1440,3,509,4,0,19,2,decision,4896.0,1
65,160,18,781,3,504,0,1,17,1,training,37488.0,0
66,58,12,1216,1,489,4,1,13,2,1:1,14105.6,1
67,176,13,1293,1,593,0,1,16,5,1:1,49306.4,0
68,28,8,1263,1,464,4,0,8,3,planning,4715.2,1
69,109,7,836,4,288,5,1,14,3,status,10631.13,0
70,62,2,1402,3,286,5,0,17,3,planning,2897.47,1
71,29,18,1496,1,73,0,0,18,4,planning,13015.2,0
72,54,12,1335,2,547,3,0,12,0,planning,14418.0,1
73,96,19,427,2,539,5,1,19,2,planning,12980.8,0
74,125,18,391,4,78,3,1,15,1,1:1,14662.5,0
75,67,8,842,4,59,2,0,14,3,status,7521.87,0
76,38,18,1145,0,256,0,1,11,2,planning,13053.0,0
77,168,10,1288,0,405,6,0,11,3,1:1,36064.0,0
78,138,18,746,0,319,5,0,13,3,planning,30884.4,0
79,55,9,689,4,414,1,1,13,1,decision,5684.25,1
80,171,18,971,4,226,2,0,16,5,planning,49812.3,0
81,29,8,342,4,355,3,0,19,5,planning,1322.4,1
82,59,2,553,2,533,5,1,12,5,training,1087.57,1
83,79,14,1453,4,197,0,0,15,4,decision,26783.63,0
84,103,18,1383,2,415,6,0,12,0,status,42734.7,0
85,85,14,962,0,390,4,0,9,4,planning,19079.67,0
86,23,17,766,0,337,6,0,13,2,status,4991.77,0
87,102,9,586,0,388,1,0,16,4,decision,8965.8,0
88,143,19,1310,1,403,3,0,10,2,planning,59321.17,0
89,150,2,1077,1,81,2,0,8,2,training,5385.0,0
90,77,15,644,3,524,6,1,8,0,1:1,12397.0,0
91,153,16,941,3,258,0,1,10,1,training,38392.8,0
92,95,19,681,3,214,1,0,17,0,training,20486.75,0
93,150,3,989,1,241,0,0,12,5,1:1,7417.5,0
94,177,18,1379,1,80,5,1,10,5,1:1,73224.9,0
95,177,19,756,3,148,4,1,16,4,1:1,42373.8,0
96,47,7,1282,3,175,2,1,15,2,planning,7029.63,0
97,137,5,382,4,397,0,1,10,3,status,4361.17,0
98,19,2,1422,3,456,3,1,16,3,status,900.6,1
99,55,9,448,4,226,5,0,13,2,1:1,3696.0,0
100,42,8,1479,2,407,5,1,14,0,training,8282.4,1
101,149,4,489,1,499,2,1,11,1,decision,4857.4,1
102,86,11,1182,3,359,5,1,11,0,1:1,18636.2,0
103,26,11,562,1,359,3,0,19,2,training,2678.87,0
104,176,15,1403,1,223,0,0,9,2,training,61732.0,0
105,47,3,699,1,180,2,0,12,1,planning,1642.65,1
106,62,2,1063,2,559,5,0,15,4,planning,2196.87,1
107,165,19,908,0,411,5,0,14,4,status,47443.0,0
108,76,8,1084,3,594,3,0,14,1,status,10984.53,1
109,51,9,400,0,553,4,1,13,4,decision,3060.0,1
110,113,2,1119,0,89,4,0,10,3,decision,4214.9,0
111,118,4,1119,0,424,6,0,12,4,decision,8802.8,1
112,49,9,719,1,536,5,1,8,4,decision,5284.65,1
113,115,16,423,4,139,0,0,14,4,training,12972.0,0
114,145,6,721,1,236,2,1,16,3,training,10454.5,0
115,15,4,1386,1,75,5,1,8,4,status,1386.0,0
116,19,2,1067,0,385,1,0,9,5,planning,675.77,1
117,156,16,782,1,523,2,1,10,3,planning,32531.2,0
118,117,9,818,0,474,6,1,10,1,1:1,14355.9,0
119,41,3,454,4,123,4,1,15,0,training,930.7,0
120,151,4,391,3,96,5,1,14,1,decision,3936.07,0
121,29,15,1281,0,249,3,0,13,0,decision,9287.25,0
122,104,15,754,4,277,1,1,17,1,1:1,19604.0,0
123,56,12,897,3,283,5,0,17,5,planning,10046.4,0
124,138,17,809,2,350,6,1,18,0,decision,31631.9,0
125,77,5,685,0,201,0,1,11,0,planning,4395.42,0
126,110,6,704,0,569,1,1,16,2,1:1,7744.0,1
127,66,15,545,2,46,6,0,8,0,planning,8992.5,0
128,110,17,1041,2,295,5,0,18,0,planning,32444.5,0
129,146,19,960,0,318,0,0,9,2,planning,44384.0,0
130,165,8,949,2,110,1,1,11,4,decision,20878.0,0
131,157,11,1200,1,499,0,1,10,4,status,34540.0,0
132,43,8,364,3,592,0,1,8,2,training,2086.93,1
133,50,2,1336,3,477,1,1,12,3,planning,2226.67,1
134,27,17,512,3,470,1,0,14,0,planning,3916.8,0
135,174,5,541,1,384,0,1,9,0,planning,7844.5,0
136,85,19,792,2,370,6,0,12,2,status,21318.0,0
137,100,3,637,4,419,4,1,13,2,1:1,3185.0,1
138,42,2,472,2,272,1,0,18,3,decision,660.8,1
139,80,16,971,0,478,5,0,14,5,status,20714.67,0
140,59,6,463,3,518,2,1,8,4,planning,2731.7,1
141,76,12,764,2,527,3,1,14,1,status,11612.8,0
142,148,11,1294,4,323,0,0,11,5,status,35110.53,0
143,42,3,796,0,520,0,1,15,4,status,1671.6,1
144,42,4,999,1,185,3,1,11,0,1:1,2797.2,0
145,122,13,694,1,434,4,0,13,5,training,18344.73,0
146,58,6,1002,4,481,3,0,16,2,decision,5811.6,1
147,98,6,607,0,133,1,0,12,3,1:1,5948.6,0
148,44,7,482,3,452,3,0,19,4,1:1,2474.27,1
149,89,10,928,2,375,0,1,11,3,training,13765.33,0
150,142,3,809,0,226,3,0,15,4,1:1,5743.9,0
151,106,13,845,1,254,2,0,16,5,status,19406.83,0
152,143,4,923,4,461,5,0,11,0,status,8799.27,1
153,135,13,893,4,374,1,1,10,1,planning,26120.25,0
154,41,18,1043,2,534,3,0,15,3,1:1,12828.9,0
155,135,11,853,4,227,0,1,12,3,planning,21111.75,0
156,130,15,320,4,144,6,0,9,1,decision,10400.0,0
157,17,18,853,0,157,5,0,17,3,status,4350.3,0
158,117,19,696,3,358,1,1,16,3,decision,25786.8,0
159,169,18,924,2,556,0,0,10,4,training,46846.8,0
160,151,15,404,0,87,4,0,19,4,status,15251.0,0
161,76,10,491,3,592,2,1,9,1,decision,6219.33,1
162,179,9,316,0,560,4,0,8,0,training,8484.6,0
163,65,3,1443,0,402,2,0,15,5,decision,4689.75,1
164,166,14,692,4,38,3,0,18,5,training,26803.47,0
165,73,8,724,3,469,1,0,10,3,training,7046.93,1
166,132,10,428,2,93,3,1,14,0,status,9416.0,0
167,174,12,1453,2,592,2,0,8,1,planning,50564.4,0
168,110,15,871,3,295,2,1,8,1,training,23952.5,0
169,127,5,328,4,67,2,0,19,4,training,3471.33,0
170,76,14,1420,1,230,5,1,16,3,status,25181.33,0
171,66,3,1333,0,559,0,0,19,2,planning,4398.9,1
172,26,6,541,4,210,1,1,15,1,1:1,1406.6,0
173,53,12,531,3,334,3,0,19,3,1:1,5628.6,0
174,144,7,1088,0,582,3,1,10,0,planning,18278.4,1
175,145,19,1014,2,581,4,1,13,4,decision,46559.5,0
176,127,11,1058,1,132,2,0,18,5,status,24633.77,0
177,115,5,1101,2,189,6,1,10,0,planning,10551.25,0
178,127,10,1075,3,487,2,0,19,1,1:1,22754.17,0
179,95,7,1025,0,33,2,0,11,1,training,11360.42,0
180,127,3,499,3,307,6,0,8,0,1:1,3168.65,0
181,16,18,1244,0,208,3,0,12,1,training,5971.2,0
182,144,6,378,4,174,4,0,8,3,status,5443.2,0
183,68,7,1255,1,586,0,1,8,1,training,9956.33,1
184,101,13,1155,4,490,6,0,17,4,planning,25275.25,0
185,143,11,1496,4,94,5,0,18,3,training,39220.13,0
186,161,7,766,3,296,1,0,18,2,decision,14388.03,0
187,140,9,880,1,362,6,0,14,1,planning,18480.0,0
188,144,3,1239,0,444,0,0,19,1,status,8920.8,1
189,67,13,748,0,590,3,0,13,4,planning,10858.47,1
190,174,14,386,2,530,5,1,9,4,decision,15671.6,0
191,174,8,400,0,201,5,1,18,5,status,9280.0,0
192,82,11,1331,3,477,5,0,19,0,1:1,20009.37,0
193,137,14,1144,4,83,2,1,9,0,decision,36569.87,0
194,159,18,386,4,279,1,0,18,0,status,18412.2,0
195,52,15,342,4,212,3,0,14,4,training,4446.0,0
196,38,3,707,1,425,3,0,8,0,planning,1343.3,1
197,83,12,963,0,112,5,0,9,0,status,15985.8,0
198,130,2,1340,3,449,3,0,19,2,planning,5806.67,1
199,112,5,447,1,453,1,1,15,0,training,4172.0,0
200,153,12,576,2,423,1,1,13,1,status,17625.6,0
201,158,9,531,3,453,4,1,9,5,1:1,12584.7,0
202,111,12,665,3,131,6,1,14,4,decision,14763.0,0
203,138,5,735,3,394,6,0,11,3,status,8452.5,0
204,84,18,698,4,78,4,1,9,5,training,17589.6,0
205,107,8,798,3,62,0,0,19,2,status,11384.8,0
206,17,9,839,0,226,6,1,13,4,planning,2139.45,0
207,162,4,862,3,315,1,1,18,4,status,9309.6,0
208,178,3,741,4,137,1,1,16,1,1:1,6594.9,0
209,161,16,1072,3,551,6,1,18,5,status,46024.53,0
210,104,6,649,2,241,1,0,16,5,decision,6749.6,0
211,161,2,819,2,185,4,1,15,0,status,4395.3,0
212,162,5,437,4,175,5,1,10,1,planning,5899.5,0
213,110,16,1291,0,203,5,0,10,0,status,37869.33,0
214,66,4,667,0,109,3,0,9,0,1:1,2934.8,0
215,175,12,659,1,113,5,1,12,4,training,23065.0,0
216,142,18,1220,4,32,2,0,19,5,status,51972.0,0
217,53,14,628,3,457,4,0,11,0,status,7766.27,0
218,96,12,1261,4,557,1,0,14,2,decision,24211.2,1
219,118,3,762,1,169,6,1,11,2,1:1,4495.8,0
220,143,10,1245,4,27,5,0,16,5,training,29672.5,0
221,25,3,1262,4,48,4,1,19,2,planning,1577.5,0
222,165,10,1135,1,315,5,1,19,4,status,31212.5,0
223,173,10,468,0,359,0,1,9,1,training,13494.0,0
224,56,9,516,3,458,1,1,18,3,planning,4334.4,0
225,113,18,677,1,163,0,0,13,0,1:1,22950.3,0
226,21,2,418,2,538,1,1,14,3,1:1,292.6,1
227,158,12,489,0,64,4,0,11,1,training,15452.4,0
228,104,9,1066,2,258,3,1,13,1,planning,16629.6,0
229,126,11,669,0,174,5,0,14,4,1:1,15453.9,0
230,74,8,448,3,200,5,1,11,2,training,4420.27,0
231,127,4,951,3,234,2,0,15,2,1:1,8051.8,0
232,16,4,1069,4,107,6,1,16,1,1:1,1140.27,0
233,143,19,673,2,275,0,1,8,4,1:1,30475.68,0
234,62,6,1080,0,530,5,0,14,4,decision,6696.0,1
235,154,13,459,3,92,4,1,16,5,planning,15315.3,0
236,51,13,650,1,198,3,1,19,0,training,7182.5,0
237,174,7,1191,3,231,6,1,17,2,training,24177.3,0
238,23,3,822,1,253,4,0,12,1,planning,945.3,1
239,113,13,821,0,484,0,1,19,5,planning,20100.82,0
240,161,6,1082,3,242,2,1,9,3,planning,17420.2,0
241,62,13,572,3,283,5,0,17,2,planning,7683.87,0
242,145,18,1235,0,226,4,0,13,0,status,53722.5,0
243,162,18,482,3,385,6,0,19,4,training,23425.2,0
244,166,11,787,1,295,1,0,19,1,status,23951.03,0
245,68,18,1145,3,399,3,0,14,2,1:1,23358.0,0
246,134,16,423,2,328,6,1,9,3,1:1,15115.2,0
247,175,13,1284,4,287,4,1,9,0,training,48685.0,0
248,166,17,1089,1,83,3,1,17,0,1:1,51219.3,0
249,130,9,713,2,369,5,0,19,5,planning,13903.5,0
250,89,18,1495,0,513,1,1,17,2,status,39916.5,0
251,127,6,985,1,542,2,0,8,3,planning,12509.5,1
252,178,17,412,4,117,6,0,11,0,1:1,20778.53,0
253,118,7,1187,4,90,2,1,14,1,status,16341.03,0
254,98,9,421,0,383,1,0,16,0,planning,6188.7,1
255,126,19,338,0,589,3,0,10,3,training,13486.2,0
256,113,13,796,1,295,5,1,19,4,planning,19488.73,0
257,167,16,1079,3,69,4,0,18,4,1:1,48051.47,0
258,107,10,1242,0,377,1,0,14,5,status,22149.0,0
259,160,14,448,3,583,0,1,14,2,training,16725.33,0
260,142,16,1321,2,504,3,0,14,3,status,50021.87,0
261,124,11,960,4,103,2,0,9,5,training,21824.0,0
262,96,17,601,3,315,6,1,13,0,status,16347.2,0
263,68,8,537,4,255,1,1,9,0,1:1,4868.8,1
264,177,18,946,3,75,2,1,13,4,training,50232.6,0
265,175,8,962,2,379,3,1,17,5,decision,22446.67,0
266,82,15,535,0,129,2,0,10,4,status,10967.5,0
267,47,16,502,2,211,1,0,9,1,status,6291.73,0
268,156,8,555,0,112,3,1,19,4,planning,11544.0,0
269,35,10,897,0,587,0,0,13,1,training,5232.5,1
270,62,17,961,4,79,1,0,9,0,decision,16881.57,0
271,162,9,534,2,58,4,1,12,5,1:1,12976.2,0
272,142,19,833,3,559,5,1,9,1,planning,37457.23,0
273,150,19,1159,2,68,1,0,10,5,decision,55052.5,0
274,149,8,1069,4,439,3,1,10,5,training,21237.47,0
275,159,4,840,0,32,6,1,13,1,decision,8904.0,0
276,142,19,512,4,55,5,1,13,2,status,23022.93,0
277,47,11,762,1,120,1,0,17,4,status,6565.9,0
278,129,8,735,1,105,0,1,10,1,planning,12642.0,0
279,133,18,582,3,535,6,0,10,0,training,23221.8,0
280,36,15,387,4,242,0,0,19,5,training,3483.0,0
281,172,4,1367,3,357,4,0,8,3,decision,15674.93,0
282,52,13,760,3,185,6,1,14,1,planning,8562.67,0
283,123,14,577,1,402,2,1,15,4,training,16559.9,0
284,65,3,720,3,395,6,1,9,5,status,2340.0,1
285,22,4,995,1,490,5,1,11,2,decision,1459.33,1
286,41,6,814,0,50,6,1,17,0,1:1,3337.4,0
287,41,12,1002,4,394,3,0,14,2,status,8216.4,0
288,35,9,318,3,30,3,0,15,3,planning,1669.5,0
289,44,13,322,1,321,2,0,8,1,training,3069.73,0
290,111,8,712,2,115,6,1,11,5,status,10537.6,0
291,42,16,1353,3,209,0,0,13,1,1:1,15153.6,0
292,125,18,407,0,472,0,0,10,4,1:1,15262.5,0
293,75,5,1451,0,211,1,1,12,1,planning,9068.75,0
294,62,14,1434,2,505,4,1,17,0,status,20745.2,0
295,161,19,435,1,285,5,0,16,3,decision,22177.75,0
296,18,2,661,3,443,4,0,18,2,status,396.6,1
297,49,17,428,1,147,6,1,10,3,1:1,5942.07,0
298,63,14,814,0,257,4,1,12,5,planning,11965.8,0
299,31,11,748,1,374,1,1,15,1,planning,4251.13,0
300,172,13,1427,0,131,4,1,13,5,decision,53179.53,0
301,60,3,1173,1,465,2,0,11,2,planning,3519.0,1
302,131,4,772,2,362,1,0,15,5,planning,6742.13,0
303,20,11,1333,4,164,2,1,18,4,planning,4887.67,0
304,113,3,601,2,84,6,0,10,3,planning,3395.65,0
305,138,14,530,2,266,1,0,10,2,planning,17066.0,0
306,51,14,1222,4,509,6,1,11,2,1:1,14541.8,0
307,38,19,1389,4,458,6,0,16,2,status,16714.3,0
308,107,4,1236,3,125,4,0,12,0,training,8816.8,0
309,60,8,411,3,200,2,0,15,3,planning,3288.0,0
310,109,15,1336,2,203,6,1,13,5,training,36406.0,0
311,113,18,799,2,245,2,1,10,2,training,27086.1,0
312,130,13,1231,0,108,2,0,15,3,1:1,34673.17,0
313,174,17,897,0,549,1,1,19,2,planning,44222.1,0
314,175,13,533,3,390,3,1,16,4,training,20209.58,0
315,81,16,901,3,418,4,1,15,4,planning,19461.6,0
316,142,11,613,0,125,6,0,11,4,decision,15958.43,0
317,32,8,865,0,290,2,0,18,1,decision,3690.67,1
318,39,6,1335,1,522,5,1,13,2,decision,5206.5,1
319,68,2,508,1,544,3,0,8,1,training,1151.47,1
320,72,18,1337,0,51,6,0,11,3,decision,28879.2,0
321,81,4,1343,1,412,5,0,15,1,1:1,7252.2,1
322,118,14,886,4,59,4,0,8,3,1:1,24394.53,0
323,38,15,1314,3,237,4,0,10,3,training,12483.0,0
324,128,19,1393,3,101,2,1,8,3,planning,56462.93,0
325,46,5,1424,0,220,2,0,16,5,status,5458.67,0
326,100,19,997,2,466,6,0,9,1,planning,31571.67,0
327,165,6,431,0,447,1,0,16,5,planning,7111.5,0
328,141,17,1455,1,57,3,1,11,2,planning,58127.25,0
329,169,2,1343,2,230,6,1,9,1,planning,7565.57,0
330,144,15,835,1,463,3,1,11,2,status,30060.0,0
331,31,16,1313,4,346,2,0,19,2,decision,10854.13,0
332,118,10,526,1,246,4,1,18,3,planning,10344.67,0
333,175,16,1477,4,67,2,1,18,1,1:1,68926.67,0
334,151,18,1121,4,37,4,1,17,2,training,50781.3,0
335,57,5,1170,1,458,6,1,13,4,training,5557.5,1
336,53,13,704,1,206,4,0,18,2,1:1,8084.27,0
337,40,6,501,4,364,2,1,14,4,planning,2004.0,1
338,113,6,337,2,243,0,1,10,1,status,3808.1,0
339,64,12,1241,4,507,3,0,10,5,decision,15884.8,1
340,167,7,487,3,248,5,0,19,1,training,9488.38,0
341,166,8,1380,4,409,4,1,17,5,decision,30544.0,0
342,27,15,1240,2,207,4,0,19,5,status,8370.0,0
343,74,12,1343,3,289,0,1,15,1,training,19876.4,0
344,149,14,572,0,329,6,0,12,2,decision,19886.53,0
345,71,3,1442,0,151,6,0,11,0,status,5119.1,0
346,50,8,882,2,570,6,1,14,2,decision,5880.0,1
347,34,5,815,4,91,5,0,14,2,planning,2309.17,0
348,79,9,825,1,206,1,1,16,3,status,9776.25,0
349,22,14,635,2,505,0,0,16,3,decision,3259.67,0
350,158,15,997,3,210,5,1,12,2,planning,39381.5,0
351,156,11,1378,3,441,0,0,19,4,planning,39410.8,0
352,129,12,799,0,139,4,0,15,5,status,20614.2,0
353,157,3,1199,3,239,3,0,17,3,1:1,9412.15,0
354,106,10,1065,2,72,0,0,8,2,training,18815.0,0
355,112,18,835,3,470,1,0,16,0,status,28056.0,0
356,80,4,461,2,431,2,1,15,4,planning,2458.67,0
357,46,7,893,1,256,5,0,13,1,planning,4792.43,1
358,100,6,458,0,425,0,1,10,2,status,4580.0,1
359,65,6,359,3,441,0,1,10,2,1:1,2333.5,1
360,167,16,1214,2,266,1,1,15,5,training,54063.47,0
361,77,18,510,4,91,3,0,12,4,decision,11781.0,0
362,139,10,705,0,204,0,1,17,3,status,16332.5,0
363,164,4,963,1,25,0,0,18,3,training,10528.8,0
364,72,18,1432,2,225,3,1,14,3,training,30931.2,0
365,72,11,1399,1,563,1,1,12,1,planning,18466.8,1
366,100,4,841,1,406,5,1,15,4,decision,5606.67,0
367,63,19,1297,3,95,5,1,17,4,status,25875.15,0
368,84,19,1440,3,196,0,1,17,3,planning,38304.0,0
369,29,18,1226,2,368,3,0,11,3,planning,10666.2,0
370,68,4,1167,4,274,0,1,9,5,1:1,5290.4,0
371,115,4,318,2,327,6,1,10,0,training,2438.0,0
372,22,7,731,4,364,2,0,15,0,status,1876.23,1
373,67,14,1039,1,146,5,0,18,2,status,16243.03,0
374,74,16,482,0,306,6,0,14,2,status,9511.47,0
375,122,10,412,2,506,4,1,9,4,planning,8377.33,0
376,19,5,780,2,402,2,1,13,4,1:1,1235.0,1
377,117,15,1469,4,425,0,1,16,1,decision,42968.25,0
378,20,6,1130,1,407,1,1,11,1,planning,2260.0,1
379,123,3,1436,1,544,5,1,16,0,decision,8831.4,1
380,130,12,1062,4,576,4,1,9,2,1:1,27612.0,0
381,108,10,775,1,295,2,0,9,0,training,13950.0,0
382,61,4,1062,3,519,5,0,16,0,status,4318.8,1
383,113,10,1270,0,356,3,1,19,2,decision,23918.33,0
384,69,4,1319,2,500,1,1,14,1,planning,6067.4,1
385,66,3,1441,0,292,2,1,14,5,decision,4755.3,1
386,158,13,460,2,77,3,1,8,5,training,15747.33,0
387,27,11,700,3,347,6,1,18,5,status,3465.0,0
388,128,10,497,1,128,0,0,13,2,decision,10602.67,0
389,138,16,959,4,298,3,0,14,3,training,35291.2,0
390,120,9,1370,3,347,2,1,18,3,planning,24660.0,0
391,172,6,698,0,334,2,0,13,3,1:1,12005.6,0
392,161,12,377,4,493,6,1,13,4,planning,12139.4,0
393,159,3,423,1,130,0,1,9,1,status,3362.85,0
394,134,16,374,3,248,3,1,13,1,planning,13364.27,0
395,77,7,436,4,516,3,0,11,4,planning,3916.73,1
396,33,9,901,3,175,0,0,16,0,planning,4459.95,0
397,106,6,1136,3,492,3,1,19,5,planning,12041.6,1
398,72,17,799,1,291,5,0,8,3,status,16299.6,0
399,104,19,437,2,21,0,0,15,5,training,14391.87,0
400,131,7,349,4,530,1,1,12,3,decision,5333.88,0
401,76,6,1272,1,305,2,0,8,5,1:1,9667.2,1
402,37,17,553,3,32,1,0,11,0,decision,5797.28,0
403,141,14,1009,1,517,5,1,8,5,decision,33196.1,0
404,151,6,862,2,257,6,1,13,5,1:1,13016.2,0
405,154,14,1056,4,113,5,0,9,2,status,37945.6,0
406,143,18,846,2,357,4,1,12,5,1:1,36293.4,0
407,72,19,1221,0,190,4,0,14,2,status,27838.8,0
408,136,9,880,4,586,4,1,9,1,decision,17952.0,0
409,15,14,348,2,486,0,1,13,4,status,1218.0,0
410,48,4,1216,3,162,3,1,13,5,training,3891.2,0
411,110,9,1397,4,220,5,1,12,1,1:1,23050.5,0
412,140,3,1003,4,199,1,0,12,2,training,7021.0,0
413,132,9,560,1,383,6,1,10,5,decision,11088.0,0
414,62,14,655,3,498,1,1,17,5,1:1,9475.67,0
415,103,14,937,0,584,1,1,17,0,decision,22519.23,0
416,131,2,1042,2,490,1,0,18,1,training,4550.07,1
417,143,7,1309,1,403,6,0,19,3,decision,21838.48,1
418,30,17,1230,2,436,4,1,9,3,1:1,10455.0,0
419,83,9,940,0,327,1,1,14,0,1:1,11703.0,0
420,36,2,1091,0,386,6,1,8,2,decision,1309.2,1
421,107,17,911,4,20,6,1,13,3,1:1,27618.48,0
422,90,10,1108,0,63,3,1,13,3,1:1,16620.0,0
423,168,14,985,2,117,6,1,10,4,decision,38612.0,0
424,158,12,487,3,284,4,0,9,1,training,15389.2,0
425,100,14,1284,3,159,1,1,19,2,1:1,29960.0,0
426,43,11,847,4,500,6,1,9,5,1:1,6677.18,1
427,83,5,1024,2,256,0,1,16,1,1:1,7082.67,0
428,61,7,1225,2,91,6,1,18,2,1:1,8717.92,0
429,108,8,1175,0,209,2,1,12,3,decision,16920.0,0
430,158,6,917,2,287,2,1,14,4,training,14488.6,0
431,99,12,713,1,340,2,0,19,1,training,14117.4,0
432,53,14,1202,0,126,6,0,12,3,status,14864.73,0
433,114,11,462,1,251,4,0,14,2,1:1,9655.8,0
434,47,11,569,4,61,1,0,11,1,1:1,4902.88,0
435,115,12,931,3,158,5,0,15,5,status,21413.0,0
436,37,8,1205,4,292,5,0,18,1,training,5944.67,0
437,24,19,504,3,500,5,1,17,3,planning,3830.4,0
438,83,5,881,4,435,4,1,18,1,planning,6093.58,1
439,114,3,1140,2,525,3,1,17,5,training,6498.0,1
440,48,15,895,1,443,0,1,14,4,1:1,10740.0,0
441,152,14,549,3,426,0,1,17,4,planning,19471.2,0
442,161,13,1174,0,587,2,1,12,3,decision,40953.03,0
443,110,8,495,1,409,2,0,18,2,decision,7260.0,0
444,15,3,989,0,361,6,1,13,3,status,741.75,0
445,83,14,1393,1,512,5,0,12,4,training,26977.77,0
446,18,15,938,1,211,6,0,14,0,training,4221.0,0
447,30,18,971,4,518,5,1,19,0,planning,8739.0,0
448,38,10,1471,3,252,2,1,9,1,1:1,9316.33,0
449,94,18,1243,3,246,1,1,12,5,training,35052.6,0
450,16,9,498,1,390,3,1,17,1,planning,1195.2,1
451,142,3,791,2,158,6,1,10,0,planning,5616.1,0
452,174,14,1195,2,168,3,1,16,4,training,48517.0,0
453,98,4,441,0,134,3,1,13,1,planning,2881.2,0
454,166,17,464,0,469,3,0,17,3,status,21823.47,0
455,154,7,613,4,82,2,1,10,5,status,11013.57,0
456,177,8,320,1,123,0,1,14,3,training,7552.0,0
457,138,11,1405,0,292,2,0,11,5,1:1,35546.5,0
458,47,10,1454,0,25,3,1,10,4,status,11389.67,0
459,175,3,1283,1,166,2,1,15,1,status,11226.25,0
460,115,16,604,4,203,3,0,11,5,training,18522.67,0
461,26,6,670,0,47,4,1,18,3,decision,1742.0,0
462,81,5,1152,4,569,5,1,8,1,planning,7776.0,1
463,79,5,683,3,138,0,1,13,1,status,4496.42,0
464,175,19,744,4,312,4,1,17,3,decision,41230.0,0
465,88,5,724,2,390,1,1,18,0,1:1,5309.33,1
466,57,18,460,2,263,2,1,18,5,decision,7866.0,0
467,58,13,928,4,599,1,0,8,3,training,11661.87,1
468,43,18,1194,2,237,6,1,12,4,1:1,15402.6,0
469,155,11,789,3,196,2,1,14,2,1:1,22420.75,0
470,26,2,1316,1,318,5,0,13,3,decision,1140.53,1
471,109,19,626,2,77,4,0,9,1,training,21607.43,0
472,60,19,897,2,288,5,1,18,1,status,17043.0,0
473,144,15,1314,4,327,6,0,11,3,decision,47304.0,0
474,49,16,588,3,589,3,1,18,2,status,7683.2,0
475,95,13,892,1,307,5,1,9,3,decision,18360.33,0
476,104,5,872,4,124,5,0,18,2,status,7557.33,0
477,22,4,327,4,247,3,1,8,2,decision,479.6,1
478,107,13,1253,3,266,2,1,10,4,1:1,29048.72,0
479,168,8,342,1,513,3,0,10,5,planning,7660.8,0
480,104,12,722,3,102,4,0,19,1,1:1,15017.6,0
481,176,2,476,1,205,5,0,14,1,status,2792.53,0
482,129,7,828,3,271,3,0,8,2,training,12461.4,0
483,119,16,1265,4,374,6,1,16,1,1:1,40142.67,0
484,149,16,497,4,229,6,0,18,0,planning,19747.47,0
485,72,12,909,0,466,5,0,13,2,status,13089.6,0
486,128,3,1141,2,479,4,0,11,1,1:1,7302.4,1
487,89,15,1152,3,491,1,0,10,0,decision,25632.0,0
488,171,3,321,0,389,4,0,10,4,training,2744.55,0
489,134,5,1435,2,511,0,1,9,1,status,16024.17,0
490,178,18,1380,3,156,0,0,9,0,1:1,73692.0,0
491,35,4,1389,1,386,0,1,19,3,status,3241.0,1
492,178,14,1141,2,203,5,0,17,5,decision,47389.53,0
493,152,10,397,4,306,6,0,12,3,planning,10057.33,0
494,115,8,1467,0,491,2,0,16,0,1:1,22494.0,1
495,166,16,734,2,394,6,0,9,2,status,32491.73,0
496,113,12,936,2,556,2,0,9,2,status,21153.6,0
497,50,3,1409,4,530,2,0,19,1,status,3522.5,1
498,110,16,887,3,598,6,0,13,3,planning,26018.67,0
499,166,15,643,1,269,5,0,17,2,status,26684.5,0
500,165,12,870,4,529,4,1,9,2,training,28710.0,0
501,51,4,910,1,92,2,0,19,3,training,3094.0,0
502,26,18,542,3,301,1,1,11,4,status,4227.6,0
503,127,13,860,2,379,6,0,13,2,training,23664.33,0
504,27,16,1259,1,29,6,1,12,5,1:1,9064.8,0
505,37,17,331,0,230,0,0,8,0,training,3469.98,0
506,113,6,690,0,171,4,0,13,1,status,7797.0,0
507,119,7,576,4,24,0,0,8,2,decision,7996.8,0
508,44,6,831,3,214,6,1,10,5,1:1,3656.4,0
509,31,4,1477,4,302,6,1,17,5,planning,3052.47,1
510,127,2,682,4,483,2,1,12,2,status,2887.13,0
511,76,7,1391,4,132,4,1,17,4,planning,12333.53,0
512,98,16,1183,0,290,3,0,12,0,decision,30915.73,0
513,126,3,513,0,182,1,0,17,1,planning,3231.9,0
514,100,4,675,4,479,2,0,13,2,status,4500.0,1
515,155,18,1043,0,124,6,1,19,1,status,48499.5,0
516,33,13,512,3,575,2,0,17,3,decision,3660.8,1
517,114,19,378,4,301,1,1,15,5,status,13645.8,0
518,154,16,927,0,181,6,1,12,5,decision,38068.8,0
519,161,13,903,1,370,1,1,18,2,decision,31499.65,0
520,90,17,1081,4,453,3,1,8,2,status,27565.5,0
521,23,9,1300,4,159,2,1,12,3,training,4485.0,0
522,42,15,979,3,490,5,0,10,4,decision,10279.5,0
523,142,18,357,2,151,2,1,11,2,status,15208.2,0
524,66,9,1349,2,106,0,1,15,5,training,13355.1,0
525,97,16,1180,3,202,4,0,14,1,decision,30522.67,0
526,125,15,746,3,387,4,1,18,0,training,23312.5,0
527,158,19,365,3,148,0,1,12,1,1:1,18262.17,0
528,131,8,1367,2,265,6,0,9,4,1:1,23876.93,0
529,83,4,1420,3,597,4,0,13,0,training,7857.33,1
530,113,13,1311,0,397,1,0,18,1,decision,32097.65,0
531,154,4,526,4,168,4,1,13,1,status,5400.27,0
532,39,15,1073,4,452,4,0,17,3,planning,10461.75,0
533,137,16,978,1,488,0,0,17,4,status,35729.6,0
534,67,15,900,1,465,6,0,18,5,planning,15075.0,0
535,165,8,678,4,500,3,1,13,3,planning,14916.0,0
536,158,18,1008,0,313,4,0,16,0,decision,47779.2,0
537,71,13,606,2,162,5,1,18,5,training,9322.3,0
538,53,5,1078,2,269,4,1,15,3,status,4761.17,0
539,123,10,803,0,321,3,0,15,4,training,16461.5,0
540,56,7,567,2,44,0,1,8,2,1:1,3704.4,0
541,156,17,307,3,89,3,1,12,2,decision,13569.4,0
542,136,3,807,4,131,0,0,14,0,decision,5487.6,0
543,147,9,775,4,383,1,1,13,2,1:1,17088.75,0
544,177,12,463,0,322,0,0,12,3,status,16390.2,0
545,89,14,784,2,490,1,1,15,0,1:1,16281.07,0
546,160,18,1395,1,110,1,1,10,5,status,66960.0,0
547,90,9,866,1,549,0,0,13,4,planning,11691.0,1
548,23,19,1204,2,211,5,0,12,0,decision,8769.13,0
549,88,19,858,1,571,2,1,15,5,status,23909.6,0
550,159,15,537,0,261,0,1,11,0,training,21345.75,0
551,21,16,1427,0,157,4,0,15,1,training,7991.2,0
552,155,7,853,2,364,5,1,17,1,decision,15425.08,0
553,151,12,1127,1,199,5,1,9,0,1:1,34035.4,0
554,41,14,767,0,522,4,1,16,2,1:1,7337.63,0
555,136,2,685,0,222,2,1,16,1,status,3105.33,0
556,19,7,1074,3,592,5,0,17,4,1:1,2380.7,1
557,43,10,1147,3,211,1,0,17,5,decision,8220.17,0
558,179,9,686,0,24,2,0,13,3,status,18419.1,0
559,97,12,1176,2,256,6,0,11,1,planning,22814.4,0
560,150,10,558,4,330,4,0,11,0,1:1,13950.0,0
561,123,18,582,4,568,2,0,13,2,1:1,21475.8,0
562,79,13,339,0,75,0,1,12,3,status,5802.55,0
563,100,15,785,0,462,2,0,13,5,training,19625.0,0
564,159,16,1228,0,256,1,1,14,5,1:1,52067.2,0
565,85,17,519,2,216,0,1,14,1,decision,12499.25,0
566,59,2,1452,3,590,3,1,16,5,1:1,2855.6,1
567,146,11,1314,0,533,4,0,15,5,planning,35171.4,0
568,50,9,1323,0,468,4,1,13,2,1:1,9922.5,1
569,84,19,912,1,379,2,0,19,2,training,24259.2,0
570,173,2,1227,2,49,5,1,13,2,1:1,7075.7,0
571,33,3,987,0,127,0,1,12,0,status,1628.55,1
572,122,2,912,1,464,3,0,8,5,1:1,3708.8,0
573,105,2,559,4,457,0,1,16,5,training,1956.5,1
574,104,10,1289,0,476,4,1,16,5,status,22342.67,0
575,33,14,1265,0,514,0,1,16,4,decision,9740.5,0
576,53,2,665,1,266,3,1,18,2,status,1174.83,1
577,140,14,843,2,562,5,0,15,3,planning,27538.0,0
578,155,8,948,0,583,2,1,17,1,status,19592.0,0
579,140,3,1113,4,458,1,1,10,3,decision,7791.0,0
580,72,7,1339,0,297,0,0,8,0,1:1,11247.6,0
581,162,8,1452,4,571,1,1,18,0,status,31363.2,0
582,75,15,874,3,130,4,1,19,5,status,16387.5,0
583,141,19,1432,3,404,2,1,19,3,status,63938.8,0
584,119,16,1312,4,210,6,1,15,5,status,41634.13,0
585,15,3,969,2,509,2,0,14,4,decision,726.75,1
586,145,11,568,0,445,0,1,12,0,training,15099.33,0
587,106,13,1485,0,424,5,0,17,0,training,34105.5,0
588,127,18,1223,3,354,2,1,14,3,status,46596.3,0
589,167,9,1425,4,228,0,1,17,0,decision,35696.25,0
590,70,12,546,0,41,0,1,11,4,decision,7644.0,0
591,175,4,430,0,227,1,0,16,4,status,5016.67,0
592,131,7,652,2,27,2,1,18,4,planning,9964.73,0
593,148,10,495,1,548,0,1,17,1,status,12210.0,1
594,72,7,1229,3,185,1,0,9,4,planning,10323.6,0
595,58,10,1321,3,515,3,0,16,4,status,12769.67,1
596,174,8,944,1,448,6,0,16,1,planning,21900.8,0
597,75,10,526,0,182,1,0,12,5,planning,6575.0,0
598,61,19,1000,2,385,1,1,18,2,status,19316.67,0
599,163,13,564,2,545,0,1,8,0,planning,19918.6,0
600,94,9,945,3,258,4,1,14,4,1:1,13324.5,0
601,132,9,510,2,91,4,1,17,0,training,10098.0,0
602,178,19,1242,1,464,5,0,17,3,decision,70007.4,0
603,161,16,756,0,528,4,1,11,0,planning,32457.6,0
604,34,8,1024,1,288,1,1,16,5,planning,4642.13,1
605,160,12,1281,4,434,5,1,13,1,decision,40992.0,0
606,61,17,1454,3,264,0,1,10,0,planning,25129.97,0
607,63,5,887,2,79,2,0,13,0,decision,4656.75,0
608,28,7,775,4,25,6,1,17,0,status,2531.67,0
609,157,4,1285,2,589,6,1,13,2,1:1,13449.67,1
610,173,10,455,0,426,1,1,12,2,1:1,13119.17,0
611,15,11,489,0,236,1,0,9,3,training,1344.75,1
612,131,15,1280,0,45,5,0,17,1,planning,41920.0,0
613,68,12,845,2,24,0,1,17,0,training,11492.0,0
614,132,19,340,4,551,3,1,9,0,status,14212.0,0
615,17,13,606,0,409,1,1,14,0,1:1,2232.1,0
616,158,13,1242,4,590,3,0,9,0,status,42517.8,0
617,26,14,637,2,467,3,1,19,2,status,3864.47,1
618,88,14,1398,4,165,4,1,13,5,planning,28705.6,0
619,30,15,1252,2,407,0,1,12,5,status,9390.0,0
620,116,5,578,2,268,6,0,11,3,1:1,5587.33,0
621,166,14,1499,3,545,6,1,14,4,training,58061.27,0
622,170,9,1195,2,481,3,1,15,1,1:1,30472.5,0
623,131,13,572,2,32,6,0,11,5,planning,16235.27,0
624,22,19,1136,1,403,0,0,8,0,1:1,7914.13,0
625,136,7,919,0,575,4,1,8,5,decision,14581.47,0
626,106,19,1161,3,418,0,0,8,3,training,38970.9,0
627,178,6,1230,3,38,1,1,18,4,decision,21894.0,0
628,104,10,588,3,594,3,0,8,5,decision,10192.0,0
629,150,4,1023,1,510,0,0,12,3,planning,10230.0,0
630,74,11,1192,2,438,6,1,11,2,status,16171.47,0
631,42,4,571,0,356,2,1,16,4,decision,1598.8,1
632,115,16,1389,4,438,0,1,10,3,1:1,42596.0,0
633,55,2,782,2,141,3,0,14,5,status,1433.67,0
634,169,8,1235,1,451,4,1,18,2,1:1,27828.67,0
635,159,13,547,2,63,6,1,15,3,1:1,18844.15,0
636,175,18,455,2,336,4,1,13,3,status,23887.5,0
637,171,6,1370,1,400,3,1,19,5,status,23427.0,0
638,155,5,753,3,164,6,1,17,4,1:1,9726.25,0
639,60,13,500,3,346,1,0,8,2,planning,6500.0,0
640,49,19,423,0,382,6,1,15,0,training,6563.55,0
641,148,18,300,0,69,1,1,17,1,training,13320.0,0
642,96,10,1267,3,84,4,0,10,4,planning,20272.0,0
643,129,5,1154,4,374,4,1,15,2,status,12405.5,0
644,61,3,939,2,183,3,1,19,3,1:1,2863.95,0
645,167,5,490,4,160,1,1,11,2,training,6819.17,0
646,24,3,815,2,147,4,1,15,1,1:1,978.0,0
647,70,16,741,3,417,1,1,18,5,planning,13832.0,0
648,44,3,442,0,482,4,0,8,1,1:1,972.4,1
649,123,5,832,0,206,6,0,10,0,planning,8528.0,0
650,19,7,526,4,209,0,0,13,0,status,1165.97,0
651,133,8,1248,0,407,2,1,16,1,planning,22131.2,0
652,47,11,759,3,448,6,0,9,4,planning,6540.05,1
653,132,13,850,4,303,5,1,18,4,training,24310.0,0
654,79,4,692,2,256,0,1,8,3,1:1,3644.53,0
655,160,14,1144,0,213,5,1,17,0,training,42709.33,0
656,25,19,509,1,306,4,0,10,3,decision,4029.58,0
657,99,9,1438,0,155,2,0,11,0,planning,21354.3,0
658,40,16,945,2,190,2,0,18,1,decision,10080.0,0
659,77,2,518,4,178,4,1,12,4,training,1329.53,1
660,100,4,706,2,220,4,0,10,4,1:1,4706.67,0
661,73,9,1187,1,506,1,1,17,1,training,12997.65,1
662,41,5,857,3,576,4,0,18,3,1:1,2928.08,1
663,175,17,849,0,523,3,0,9,3,1:1,42096.25,0
664,112,11,441,4,390,4,1,9,2,status,9055.2,0
665,119,13,911,3,122,3,1,14,0,planning,23488.62,0
666,113,15,800,2,144,4,0,16,3,training,22600.0,0
667,143,15,1139,4,332,1,0,17,1,1:1,40719.25,0
668,163,3,1001,3,477,3,0,9,3,training,8158.15,1
669,69,6,895,4,249,0,1,14,4,training,6175.5,0
670,20,6,580,1,216,3,1,14,0,1:1,1160.0,1
671,109,7,723,1,442,6,0,18,5,decision,9194.15,0
672,147,14,1155,0,591,1,0,14,2,planning,39616.5,0
673,116,10,569,0,190,5,1,10,0,planning,11000.67,0
674,17,16,453,1,401,3,0,19,4,status,2053.6,0
675,37,15,913,4,192,6,1,14,4,status,8445.25,0
676,67,8,961,1,472,6,1,8,4,status,8584.93,1
677,179,3,382,0,369,6,1,17,4,planning,3418.9,0
678,97,8,1246,1,513,4,1,8,1,decision,16114.93,1
679,159,7,1198,1,23,6,1,12,2,planning,22222.9,0
680,99,18,583,4,112,4,1,9,5,planning,17315.1,0
681,92,3,1279,3,25,5,0,16,4,planning,5883.4,0
682,124,4,472,0,307,1,1,14,4,planning,3901.87,0
683,15,6,1386,4,165,2,1,11,3,decision,2079.0,0
684,65,6,1396,1,443,4,0,11,2,status,9074.0,0
685,18,2,1062,1,476,6,1,9,0,training,637.2,1
686,127,9,932,3,221,6,0,12,2,status,17754.6,0
687,46,13,1086,0,231,0,1,11,2,status,10823.8,0
688,48,5,1242,0,25,6,0,19,5,training,4968.0,0
689,106,14,1311,2,395,1,0,8,2,planning,32425.4,0
690,109,16,697,0,466,3,1,19,5,decision,20259.47,0
691,86,12,1443,3,125,3,1,15,4,decision,24819.6,0
692,53,11,1233,2,420,6,1,10,4,status,11980.65,0
693,168,4,975,2,115,0,1,13,1,training,10920.0,0
694,176,15,1235,1,407,4,0,11,5,1:1,54340.0,0
695,132,17,764,1,471,1,0,16,5,planning,28573.6,0
696,17,11,585,0,435,0,0,14,0,status,1823.25,1
697,137,11,564,2,523,4,1,16,3,decision,14165.8,0
698,64,13,619,1,473,1,0,17,2,training,8583.47,0
699,26,10,972,3,310,6,1,10,0,training,4212.0,1
700,68,2,1119,1,553,3,1,8,5,status,2536.4,1
701,147,6,388,1,212,1,0,12,0,1:1,5703.6,0
702,71,9,1120,2,169,6,1,10,1,decision,11928.0,0
703,159,12,1300,2,534,5,0,13,3,status,41340.0,0
704,126,13,633,4,412,2,1,15,5,1:1,17280.9,0
705,61,2,521,3,335,1,0,18,5,training,1059.37,1
706,165,12,340,2,95,2,1,11,2,planning,11220.0,0
707,99,6,367,0,289,1,0,12,3,decision,3633.3,0
708,156,16,1287,3,244,2,0,12,1,decision,53539.2,0
709,80,6,813,3,549,5,1,11,4,1:1,6504.0,0
710,89,13,1450,2,132,3,1,11,0,status,27960.83,0
711,117,6,994,3,270,4,0,11,2,training,11629.8,0
712,52,18,1339,2,252,2,1,11,5,1:1,20888.4,0
713,64,18,776,1,102,5,1,11,4,planning,14899.2,0
714,112,13,1385,4,144,2,1,12,1,planning,33609.33,0
715,96,16,1180,1,194,3,0,9,3,planning,30208.0,0
716,44,16,731,2,88,2,0,9,0,1:1,8577.07,0
717,93,7,567,2,66,5,1,16,2,training,6151.95,0
718,105,13,1358,1,275,6,1,9,5,decision,30894.5,0
719,66,19,1078,0,49,5,0,13,5,status,22530.2,0
720,93,15,793,0,300,0,1,9,4,decision,18437.25,0
721,44,3,960,0,256,3,0,12,4,training,2112.0,1
722,120,10,1312,2,267,6,1,11,0,decision,26240.0,0
723,65,6,1358,3,387,0,1,19,3,1:1,8827.0,1
724,95,2,1276,2,514,3,1,14,1,planning,4040.67,1
725,147,4,781,3,44,6,0,14,3,training,7653.8,0
726,43,7,1027,1,509,2,0,13,3,training,5152.12,1
727,146,6,779,4,513,6,0,17,3,decision,11373.4,0
728,152,6,1388,3,333,5,0,12,0,1:1,21097.6,0
729,159,2,1331,0,394,0,1,8,0,decision,7054.3,1
730,88,18,642,2,44,2,1,19,1,decision,16948.8,0
731,31,15,631,1,353,5,0,10,3,training,4890.25,0
732,98,13,737,0,374,3,1,16,0,decision,15648.97,0
733,83,11,473,1,135,6,1,8,1,planning,7197.48,0
734,48,19,858,4,67,5,0,12,5,decision,13041.6,0
735,20,12,826,2,118,2,1,9,1,planning,3304.0,0
736,67,3,958,2,478,0,1,11,3,training,3209.3,1
737,140,19,325,4,542,0,0,18,2,1:1,14408.33,0
738,57,8,1119,2,424,6,1,8,3,planning,8504.4,0
739,129,16,904,3,233,5,1,10,2,1:1,31097.6,0
740,125,12,705,1,522,2,1,17,1,1:1,17625.0,0
741,165,19,531,0,467,1,0,14,5,planning,27744.75,0
742,94,13,832,4,595,3,0,17,5,training,16945.07,1
743,109,7,804,3,277,3,1,10,0,status,10224.2,0
744,132,14,478,0,140,2,1,11,5,1:1,14722.4,0
745,158,17,431,0,73,1,1,9,4,1:1,19294.43,0
746,22,19,647,4,350,0,0,10,1,training,4507.43,0
747,146,11,839,3,260,6,0,16,0,training,22457.23,0
748,118,9,1071,0,549,4,0,10,5,decision,18956.7,0
749,146,19,375,0,502,4,1,18,1,training,17337.5,0
750,39,2,878,3,206,6,1,12,3,1:1,1141.4,1
751,110,9,1153,2,281,2,1,9,5,planning,19024.5,0
752,169,7,493,0,383,1,1,11,2,status,9720.32,0
753,107,6,1485,1,510,1,1,19,1,decision,15889.5,1
754,174,16,646,3,450,3,0,14,0,planning,29974.4,0
755,75,16,1250,0,258,0,1,14,3,status,25000.0,0
756,136,3,1410,4,323,5,1,19,4,status,9588.0,0
757,65,2,513,1,317,1,1,10,3,status,1111.5,1
758,161,12,872,0,95,6,0,12,5,planning,28078.4,0
759,35,11,1079,1,352,5,1,8,2,decision,6923.58,0
760,19,19,561,1,493,4,0,17,3,decision,3375.35,0
761,106,19,1029,2,302,5,0,17,4,status,34540.1,0
762,75,18,582,1,91,0,0,17,0,planning,13095.0,0
763,36,9,661,2,282,6,0,18,1,status,3569.4,1
764,163,16,740,3,594,0,0,8,2,training,32165.33,0
765,84,9,392,2,31,5,1,12,4,decision,4939.2,0
766,15,18,1052,4,160,2,1,17,5,1:1,4734.0,0
767,147,13,1166,0,574,1,0,16,5,status,37137.1,0
768,26,9,441,3,36,6,0,8,5,training,1719.9,0
769,104,15,1048,3,82,2,0,8,2,decision,27248.0,0
770,60,5,952,4,272,5,1,11,3,planning,4760.0,0
771,48,2,1000,2,484,1,1,11,2,decision,1600.0,1
772,92,2,1297,0,395,3,0,9,5,planning,3977.47,1
773,59,17,348,2,539,2,1,16,4,planning,5817.4,0
774,169,15,1180,1,109,2,1,16,1,status,49855.0,0
775,87,17,1459,2,194,5,0,9,1,status,35964.35,0
776,40,6,854,3,95,4,0,16,2,decision,3416.0,0
777,61,10,703,0,419,5,1,13,5,training,7147.17,1
778,135,3,1191,2,90,2,1,15,0,decision,8039.25,0
779,70,19,1164,0,199,1,1,17,2,1:1,25802.0,0
780,108,7,901,0,143,4,0,11,5,planning,11352.6,0
781,121,10,640,1,400,5,0,9,3,planning,12906.67,0
782,77,2,1003,1,312,6,0,9,1,status,2574.37,1
783,62,10,617,3,214,5,1,16,1,training,6375.67,0
784,75,17,917,4,247,2,1,8,1,status,19486.25,0
785,95,14,681,0,450,2,0,19,0,1:1,15095.5,0
786,40,10,532,4,455,3,1,14,5,decision,3546.67,1
787,50,14,1116,3,480,5,0,18,5,decision,13020.0,0
788,15,10,852,0,40,2,1,10,5,training,2130.0,0
789,22,12,1155,0,83,6,0,10,5,status,5082.0,0
790,127,5,1118,4,184,0,1,9,0,status,11832.17,0
791,113,3,482,2,46,4,1,17,4,1:1,2723.3,0
792,61,7,1364,1,330,0,0,13,2,decision,9707.13,0
793,141,15,696,2,304,4,0,17,2,status,24534.0,0
794,70,5,1078,4,300,6,0,9,5,training,6288.33,1
795,28,7,1206,1,183,5,0,17,3,decision,3939.6,0
796,42,7,426,2,243,3,0,11,1,1:1,2087.4,1
797,92,3,300,1,165,2,1,17,0,training,1380.0,0
798,144,19,1491,0,49,2,0,16,3,planning,67989.6,0
799,123,14,318,2,64,2,0,16,3,1:1,9126.6,0
800,168,10,883,1,490,5,0,13,5,training,24724.0,0
801,28,14,755,1,53,4,0,11,0,status,4932.67,0
802,70,12,1256,1,446,6,0,14,2,planning,17584.0,0
803,129,2,1432,2,240,2,1,8,1,1:1,6157.6,0
804,21,8,744,3,553,0,0,19,2,status,2083.2,1
805,17,16,901,2,386,2,0,11,3,planning,4084.53,0
806,125,2,402,4,569,5,0,12,1,decision,1675.0,1
807,165,13,1287,2,135,6,1,15,4,status,46010.25,0
808,121,8,819,1,258,3,1,19,3,training,13213.2,0
809,32,16,1476,0,354,6,0,9,2,1:1,12595.2,0
810,52,2,1158,2,460,0,0,19,2,planning,2007.2,1
811,129,18,473,2,167,2,1,12,5,status,18305.1,0
812,29,18,1304,1,28,2,1,13,2,decision,11344.8,0
813,133,4,730,0,307,1,1,12,0,1:1,6472.67,0
814,42,13,1026,0,407,4,0,16,3,1:1,9336.6,0
815,53,7,1149,4,69,0,0,17,1,status,7104.65,0
816,31,12,1289,2,536,1,1,8,2,decision,7991.8,1
817,100,4,938,0,297,6,0,10,5,planning,6253.33,0
818,140,9,719,0,319,3,1,9,5,status,15099.0,0
819,58,15,893,3,154,4,1,19,2,planning,12948.5,0
820,39,15,784,3,599,0,1,10,0,1:1,7644.0,1
821,159,11,711,0,166,2,0,17,5,planning,20725.65,0
822,27,3,1235,4,509,6,1,16,1,decision,1667.25,1
823,39,15,1407,0,497,0,1,16,3,training,13718.25,1
824,82,10,1436,1,178,2,0,17,4,decision,19625.33,0
825,152,4,631,2,403,4,1,9,0,planning,6394.13,0
826,81,9,954,4,182,2,0,10,5,status,11591.1,0
827,123,17,340,1,460,3,1,11,3,1:1,11849.0,0
828,160,3,1258,4,208,6,0,16,4,training,10064.0,0
829,125,7,404,1,434,5,1,10,2,status,5891.67,0
830,125,13,501,2,358,2,1,14,2,status,13568.75,0
831,48,6,749,2,200,3,1,19,1,decision,3595.2,0
832,125,3,1209,3,307,5,1,10,4,planning,7556.25,0
833,22,17,509,1,206,6,1,14,2,decision,3172.77,0
834,127,6,862,3,157,4,0,14,2,planning,10947.4,0
835,97,16,1441,1,149,4,0,16,5,decision,37273.87,0
836,56,13,1012,3,213,6,1,9,1,status,12278.93,0
837,115,5,1070,2,335,6,1,13,3,1:1,10254.17,0
838,20,16,1407,4,163,0,1,16,2,planning,7504.0,0
839,40,12,753,3,35,3,0,19,0,training,6024.0,0
840,78,17,966,1,321,3,0,19,0,training,21348.6,0
841,73,7,928,1,442,6,1,9,3,status,7903.47,0
842,123,15,686,2,264,1,0,9,4,decision,21094.5,0
843,135,19,595,1,126,1,1,12,1,decision,25436.25,0
844,47,13,557,0,107,5,1,17,5,status,5672.12,0
845,164,12,1404,4,148,5,1,17,0,training,46051.2,0
846,35,14,567,3,360,1,0,19,0,training,4630.5,0
847,84,12,718,4,23,6,1,17,3,decision,12062.4,0
848,126,17,534,2,346,6,1,15,4,planning,19063.8,0
849,18,16,1285,3,429,5,1,18,4,1:1,6168.0,0
850,108,16,873,3,325,2,0,16,3,planning,25142.4,0
851,89,5,348,0,244,6,0,9,0,training,2581.0,0
852,76,12,1450,2,367,1,0,12,1,planning,22040.0,0
853,108,16,522,1,340,3,1,14,0,1:1,15033.6,0
854,109,5,1220,0,578,6,0,13,4,planning,11081.67,1
855,166,14,576,0,200,6,1,13,5,planning,22310.4,0
856,69,3,1430,4,405,2,0,14,0,planning,4933.5,1
857,151,15,719,4,127,5,1,10,1,planning,27142.25,0
858,145,5,910,4,550,6,0,10,2,status,10995.83,0
859,45,17,674,0,429,4,1,17,0,training,8593.5,0
860,54,15,372,1,315,0,0,16,3,1:1,5022.0,0
861,50,16,1353,3,190,1,0,15,2,training,18040.0,0
862,166,4,494,4,350,4,0,12,3,status,5466.93,0
863,20,9,1479,1,512,5,1,13,3,status,4437.0,1
864,80,17,1495,2,214,3,0,18,3,status,33886.67,0
865,89,11,1146,4,31,0,0,19,0,status,18698.9,0
866,18,5,1364,3,214,4,0,17,4,planning,2046.0,1
867,93,19,1386,2,509,0,0,8,2,training,40817.7,0
868,148,3,322,2,201,1,1,17,1,decision,2382.8,0
869,132,18,659,3,335,5,0,19,4,1:1,26096.4,0
870,127,14,1398,4,49,6,1,8,0,status,41427.4,0
871,108,5,859,0,115,3,1,11,3,training,7731.0,0
872,76,12,971,3,400,5,1,9,1,status,14759.2,0
873,93,8,1441,3,463,0,1,18,2,status,17868.4,0
874,150,13,978,3,317,4,0,14,4,status,31785.0,0
875,40,11,739,2,380,1,1,9,5,status,5419.33,1
876,58,8,1232,1,393,1,1,17,4,status,9527.47,1
877,147,14,306,0,573,5,1,9,1,1:1,10495.8,0
878,84,8,720,4,322,6,1,12,0,training,8064.0,0
879,168,18,1132,4,440,4,0,11,2,status,57052.8,0
880,132,11,858,1,265,6,0,15,1,status,20763.6,0
881,82,11,1471,3,256,6,1,11,3,status,22114.03,0
882,33,5,1213,0,553,4,1,19,2,status,3335.75,1
883,34,5,1306,4,204,0,1,13,4,planning,3700.33,0
884,127,8,425,4,487,5,0,12,1,planning,7196.67,1
885,154,2,694,3,382,5,0,18,4,decision,3562.53,0
886,61,13,1116,1,302,2,0,9,4,status,14749.8,0
887,15,14,1180,0,572,5,0,18,4,decision,4130.0,0
888,104,11,875,1,355,1,0,19,0,1:1,16683.33,0
889,156,16,624,1,181,0,1,15,4,decision,25958.4,0
890,78,14,1229,0,179,4,0,9,3,training,22367.8,0
891,52,10,1132,0,493,5,0,16,3,planning,9810.67,1
892,51,10,1354,4,341,0,1,16,2,planning,11509.0,0
893,140,16,1136,4,31,5,0,10,5,status,42410.67,0
894,153,11,1225,0,443,4,0,11,4,status,34361.25,0
895,114,11,742,2,92,3,0,15,4,1:1,15507.8,0
896,91,9,374,4,220,4,1,16,1,1:1,5105.1,0
897,17,17,856,2,541,4,0,10,0,training,4123.07,0
898,175,18,1478,0,524,4,1,12,5,status,77595.0,0
899,148,6,662,4,58,5,1,18,2,status,9797.6,0
900,24,5,747,1,79,2,0,15,5,1:1,1494.0,0
901,19,19,561,0,597,4,0,10,4,1:1,3375.35,0
902,165,5,424,3,340,1,0,14,1,1:1,5830.0,0
903,152,8,1210,2,454,1,0,18,0,planning,24522.67,0
904,144,11,544,0,427,0,1,15,2,decision,14361.6,0
905,27,19,841,0,405,2,0,17,5,decision,7190.55,0
906,144,5,784,4,588,0,1,18,2,status,9408.0,1
907,98,11,421,4,97,1,1,10,4,planning,7563.97,0
908,79,2,424,4,213,6,1,9,2,1:1,1116.53,1
909,77,19,469,3,304,1,1,17,1,status,11435.78,0
910,115,6,423,4,546,3,1,14,2,planning,4864.5,1
911,87,16,1358,0,543,4,0,19,3,training,31505.6,0
912,31,18,1410,4,175,6,1,16,1,planning,13113.0,0
913,23,4,945,1,359,1,1,8,5,status,1449.0,1
914,157,13,1085,4,144,5,0,10,0,decision,36908.08,0
915,166,3,500,3,299,5,0,12,0,1:1,4150.0,0
916,52,2,668,1,147,0,1,10,4,training,1157.87,0
917,177,18,1096,0,333,6,1,8,4,planning,58197.6,0
918,108,17,376,0,351,0,0,14,3,status,11505.6,0
919,109,6,358,2,169,4,1,14,5,status,3902.2,0
920,63,16,730,1,473,4,0,17,0,1:1,12264.0,0
921,83,4,937,2,55,3,0,19,0,status,5184.73,0
922,76,8,408,1,439,2,1,15,0,status,4134.4,0
923,92,12,1307,1,41,0,0,12,0,1:1,24048.8,0
924,131,11,367,3,225,4,1,17,2,training,8814.12,0
925,134,10,1392,2,375,0,1,19,5,decision,31088.0,0
926,151,15,1488,3,459,4,1,12,1,decision,56172.0,0
927,176,14,604,1,115,1,0,12,1,planning,24804.27,0
928,90,3,973,0,183,0,1,8,3,training,4378.5,0
929,49,4,664,1,167,1,0,17,2,planning,2169.07,0
930,15,8,1120,3,549,0,1,12,0,decision,2240.0,1
931,54,19,642,2,313,2,1,13,0,1:1,10978.2,0
932,78,4,1246,2,214,3,0,19,4,status,6479.2,0
933,164,11,1198,3,499,5,1,8,4,decision,36019.87,0
934,74,8,1432,2,142,5,1,18,3,training,14129.07,0
935,78,10,1061,4,419,5,0,14,0,decision,13793.0,0
936,107,18,640,0,471,1,0,8,3,training,20544.0,0
937,86,12,1241,0,123,6,0,18,2,training,21345.2,0
938,25,8,682,0,481,4,1,9,1,training,2273.33,1
939,119,15,1303,2,415,5,0,9,0,planning,38764.25,0
940,28,5,599,2,356,2,0,12,5,1:1,1397.67,1
941,74,7,438,1,161,5,1,17,2,decision,3781.4,0
942,44,11,658,1,336,0,0,14,0,1:1,5307.87,0
943,49,8,1135,0,577,1,1,8,5,status,7415.33,1
944,179,14,782,4,546,6,1,17,4,decision,32661.53,0
945,19,15,1208,1,575,0,0,8,3,1:1,5738.0,1
946,97,5,1434,1,420,6,1,8,4,1:1,11591.5,1
947,137,9,1165,2,329,0,0,13,1,status,23940.75,0
948,92,6,438,4,514,0,0,9,4,training,4029.6,1
949,168,2,1295,0,575,3,0,8,0,decision,7252.0,1
950,76,5,734,1,128,3,0,13,5,decision,4648.67,0
951,146,4,808,4,391,4,1,9,4,status,7864.53,1
952,103,10,572,4,225,1,1,13,0,training,9819.33,0
953,56,9,1422,0,62,2,0,17,1,decision,11944.8,0
954,103,2,403,4,264,2,0,15,5,decision,1383.63,0
955,160,7,1061,4,306,2,1,9,4,decision,19805.33,0
956,54,10,1086,4,374,0,0,18,3,training,9774.0,0
957,86,8,464,1,495,3,1,16,3,status,5320.53,1
958,53,5,1298,0,102,1,0,15,5,decision,5732.83,0
959,118,14,819,4,129,0,1,19,3,1:1,22549.8,0
960,28,18,816,4,209,6,1,17,4,training,6854.4,0
961,46,3,956,1,270,3,1,8,4,planning,2198.8,1
962,139,6,912,0,310,3,0,14,5,status,12676.8,0
963,111,13,463,2,220,5,0,17,4,1:1,11135.15,0
964,37,9,363,1,345,5,0,13,0,decision,2014.65,0
965,77,7,1414,0,530,1,0,13,1,planning,12702.43,1
966,157,9,1440,4,428,6,0,13,3,status,33912.0,0
967,167,19,566,0,527,1,1,13,0,training,29931.97,0
968,159,4,1463,0,91,1,1,17,5,planning,15507.8,0
969,67,13,545,0,266,0,1,14,3,planning,7911.58,0
970,118,4,694,2,585,4,1,19,0,1:1,5459.47,1
971,118,7,775,0,363,1,1,10,4,status,10669.17,0
972,53,3,1276,2,73,5,1,13,5,1:1,3381.4,0
973,148,13,1343,4,547,4,1,10,5,1:1,43065.53,0
974,81,3,857,2,551,0,0,14,3,decision,3470.85,1
975,149,7,1317,4,577,4,1,14,4,training,22893.85,1
976,56,18,1182,4,212,2,0,15,3,planning,19857.6,0
977,29,4,446,2,77,6,1,9,2,status,862.27,0
978,125,3,965,1,456,4,1,16,0,training,6031.25,1
979,171,9,919,3,130,1,0,12,2,training,23572.35,0
980,47,13,1119,0,148,0,1,16,0,status,11395.15,0
981,169,5,1163,3,345,6,0,17,1,training,16378.92,0
982,178,6,881,0,27,1,1,12,5,decision,15681.8,0
983,171,14,1322,0,48,6,0,14,3,training,52747.8,0
984,52,16,994,4,131,5,1,18,1,decision,13783.47,0
985,111,17,1425,0,150,2,0,16,1,planning,44816.25,0
986,169,11,706,0,207,5,0,11,5,planning,21874.23,0
987,47,17,698,2,494,1,1,9,5,1:1,9295.03,0
988,100,13,1014,3,383,1,1,16,0,decision,21970.0,0
989,80,18,1003,2,223,1,0,9,2,planning,24072.0,0
990,24,17,1060,0,231,3,1,10,4,training,7208.0,0
991,19,13,798,4,295,2,0,17,0,status,3285.1,0
992,137,9,1273,2,92,6,1,9,4,status,26160.15,0
993,88,4,381,2,262,1,0,10,1,decision,2235.2,0
994,111,17,903,1,121,1,1,13,4,1:1,28399.35,0
995,132,14,1071,0,190,6,0,10,2,training,32986.8,0
996,52,9,1202,4,207,5,1,17,0,decision,9375.6,0
997,155,6,664,2,460,5,0,15,5,status,10292.0,0
998,173,9,462,2,105,1,0,18,2,decision,11988.9,0
999,61,13,1371,4,495,0,1,13,2,training,18120.05,0
1000,123,2,810,0,71,3,1,14,0,planning,3321.0,0
